<?xml version="1.0" encoding="UTF-8"?>
<Configuration status="WARN">
    <Appenders>
        <File name="FileLogger" fileName="logs/app.log" append="true">
            <PatternLayout pattern="%d{yyyy-MM-dd HH:mm:ss} %-5p %c{1} - %m%n"/>
        </File>
        <Console name="ConsoleLogger" target="SYSTEM_OUT">
            <PatternLayout pattern="%d{yyyy-MM-dd HH:mm:ss} %-5p %c{1} - %m%n"/>
        </Console>
    </Appenders>
    <Loggers>
        <Root level="error">
            <AppenderRef ref="FileLogger"/>
            <AppenderRef ref="ConsoleLogger"/>
        </Root>
    </Loggers>
</Configuration>
